<?xml version="1.0" encoding="utf-8"?>
<modification>
  <name>Gram Price</name>
  <code>gp</code>
  <version>1.0</version>
  <author>Code-E-Shop</author>
  <link>https://codeeshop.com</link>

  <file path="admin/controller/common/column_left.php">
	    <operation>
	      <search>
	        <![CDATA[$catalog = array();]]>
	      </search>
	      <add position="before" offset="1">
	        <![CDATA[
	        	/* Gram start */
				$this->load->language('gram/index');					
				  if ($this->user->hasPermission('access', 'gram/index')) {
					$data['menus'][] = array(						
					'id'       => 'menu-gram',
					'icon'	   => 'fa-money', 
					'name'	   => $this->language->get('entry_gram_price'),
					'href'     => $this->url->link('gram/index', 'user_token=' . $this->session->data['user_token'], true),
					'children' => []
					);
				}		
				/* Gram end */
	        ]]>
	      </add>
	    </operation>
	</file>
	
	<file path="admin/model/catalog/product.php">
	    <operation>
	      <search>
	        <![CDATA[if (isset($data['image']))]]>
	      </search>
	      <add position="before">
	        <![CDATA[
	        	/* Gram start */
				
				  if ($this->config->get('module_gram_status')) {
					$price = (float)$this->config->get('module_gram_price') * (float)$data['weight'];
					$this->db->query("UPDATE " . DB_PREFIX . "product SET price = '" . (float)$price . "' WHERE product_id = '" . (int)$product_id . "'");
				}
				/* Gram end */
	        ]]>
	      </add>
	    </operation>
	</file>

</modification>